<faces-config xmlns:xsi="http://www.w3.org/2001/XMLSchema-instance"
              xsi:schemaLocation="https://jakarta.ee/xml/ns/jakartaee https://jakarta.ee/xml/ns/jakartaee/web-facesconfig_4_0.xsd"
              version="4.0">
   <application>
    <action-listener>org.primefaces.application.DialogActionListener</action-listener>
    <navigation-handler>org.primefaces.application.DialogNavigationHandler</navigation-handler>
    <view-handler>org.primefaces.application.DialogViewHandler</view-handler>
  </application>
    <el-resolver>org.apache.webbeans.el22.WebBeansELResolver</el-resolver>

</faces-config>